cluster_num,cluster_tag,type,slug,parent_pilier_slug,title,meta_title,meta_description,excerpt,tags,file,prompts_file,links_to_resolve,images_to_resolve
13,cluster-chien-anxieux,PILIER,chien-anxieux-comprendre-apaiser,,Le chien anxieux : comprendre son mal-être et l'apaiser,Chien anxieux : comprendre et apaiser l'anxiété de fond | Gus & Frost,"Votre chien semble anxieux en permanence, sans raison précise ? Comprendre l'anxiété de fond : profil, causes, quand consulter et comment l'aider à vivre plus sereinement au quotidien.","Certains chiens vivent tendus en permanence, sans déclencheur unique. Voici comment reconnaître, comprendre et accompagner un chien anxieux de fond, et savoir quand demander de l'aide.","cluster-chien-anxieux, chien-anxieux, anxiete-chien",articles/cluster-13-chien-anxieux/chien-anxieux-comprendre-apaiser.html,PROMPTS-IMAGES_C13_chien-anxieux.md,31,3
13,cluster-chien-anxieux,SAT07,amenager-vie-chien-anxieux,chien-anxieux-comprendre-apaiser,Aménager la vie d'un chien anxieux au quotidien,Aménager le quotidien d'un chien anxieux | Gus & Frost,"Environnement, routine, sommeil, dépense, prévisibilité : comment organiser le quotidien d'un chien anxieux pour l'apaiser durablement, en s'appuyant sur les bons repères.","Un chien anxieux a besoin d'un cadre lisible et rassurant. Voici comment aménager son environnement, sa routine et ses journées pour faire baisser la tension de fond, sans tout bouleverser.","cluster-chien-anxieux, quotidien-chien-anxieux, environnement-chien-anxieux",articles/cluster-13-chien-anxieux/amenager-vie-chien-anxieux.html,PROMPTS-IMAGES_C13_chien-anxieux.md,11,2
13,cluster-chien-anxieux,SAT11,anxiete-chien-alimentation,chien-anxieux-comprendre-apaiser,Anxiété et alimentation du chien : quel lien ?,Anxiété du chien et alimentation : le lien | Gus & Frost,"L'alimentation peut-elle influencer l'anxiété d'un chien ? Ce que l'on sait du lien entre nourriture, digestion et comportement, à aborder avec son vétérinaire, sans promesses miracles.","Ce que mange un chien peut jouer sur son état émotionnel, mais le sujet demande de la prudence. Voici ce que l'on sait du lien entre alimentation et anxiété, et pourquoi le véto reste la boussole.","cluster-chien-anxieux, alimentation-anxiete-chien, nutrition-comportement-chien",articles/cluster-13-chien-anxieux/anxiete-chien-alimentation.html,PROMPTS-IMAGES_C13_chien-anxieux.md,5,2
13,cluster-chien-anxieux,SAT10,anxiete-chien-races-predispositions,chien-anxieux-comprendre-apaiser,Races de chiens et anxiété : des prédispositions ?,Anxiété du chien : races et prédispositions | Gus & Frost,"Certaines races sont-elles plus anxieuses que d'autres ? Ce que l'on sait des prédispositions au tempérament anxieux, à nuancer : une prédisposition n'est jamais une fatalité.","On entend que certaines races seraient plus anxieuses. La réalité est plus nuancée. Voici ce que disent vraiment les tendances par race, et pourquoi le tempérament de chaque chien prime.","cluster-chien-anxieux, races-chien-anxieux, predisposition-anxiete-chien",articles/cluster-13-chien-anxieux/anxiete-chien-races-predispositions.html,PROMPTS-IMAGES_C13_chien-anxieux.md,5,2
13,cluster-chien-anxieux,SAT02,anxiete-situationnelle-vs-generalisee,chien-anxieux-comprendre-apaiser,Anxiété situationnelle ou généralisée : faire la différence,Anxiété du chien : situationnelle ou généralisée ? | Gus & Frost,"Votre chien est-il anxieux dans certaines situations ou en permanence ? La différence entre anxiété situationnelle et anxiété de fond, pourquoi elle change tout, et vers qui se tourner.",Peur ponctuelle ou mal-être permanent : la distinction change toute la façon d'aider un chien. Voici comment reconnaître une anxiété de fond d'une anxiété liée à une situation précise.,"cluster-chien-anxieux, anxiete-generalisee-chien, types-anxiete-chien",articles/cluster-13-chien-anxieux/anxiete-situationnelle-vs-generalisee.html,PROMPTS-IMAGES_C13_chien-anxieux.md,6,2
13,cluster-chien-anxieux,SAT05,causes-anxiete-chien,chien-anxieux-comprendre-apaiser,D'où vient l'anxiété d'un chien : les causes,Causes de l'anxiété chez le chien : comprendre | Gus & Frost,"Génétique, développement du chiot, expériences, environnement, âge : d'où vient l'anxiété de fond d'un chien. Comprendre les causes pour mieux l'accompagner, sans culpabiliser.","L'anxiété d'un chien a rarement une cause unique. Génétique, petite enfance, vécu, cadre de vie : voici ce qui façonne un tempérament anxieux, et pourquoi ce n'est pas une fatalité.","cluster-chien-anxieux, causes-anxiete-chien, origine-anxiete-chien",articles/cluster-13-chien-anxieux/causes-anxiete-chien.html,PROMPTS-IMAGES_C13_chien-anxieux.md,6,2
13,cluster-chien-anxieux,SAT08,chien-anxieux-adopte,chien-anxieux-comprendre-apaiser,Le chien adopté anxieux : comprendre son passé,Chien adopté anxieux : l'aider à s'apaiser | Gus & Frost,"Un chien adopté peut arriver marqué par son passé et rester anxieux. Comprendre l'origine de ce mal-être, respecter son rythme d'adaptation et l'aider à retrouver confiance.","Un passé difficile laisse des traces : beaucoup de chiens adoptés restent anxieux longtemps. Voici comment comprendre ce mal-être et accompagner l'adaptation, sans brûler les étapes.","cluster-chien-anxieux, chien-adopte-anxieux, chien-refuge-anxieux",articles/cluster-13-chien-anxieux/chien-anxieux-adopte.html,PROMPTS-IMAGES_C13_chien-anxieux.md,7,2
13,cluster-chien-anxieux,SAT06,chien-anxieux-quand-consulter,chien-anxieux-comprendre-apaiser,Chien anxieux : quand consulter un professionnel,Chien anxieux : quand consulter le vétérinaire | Gus & Frost,À partir de quand l'anxiété d'un chien justifie l'avis d'un vétérinaire ou d'un comportementaliste ? Les signaux qui doivent alerter et comment se faire accompagner efficacement.,Aider son chien au quotidien a des limites. Voici les signes qui montrent qu'une anxiété dépasse le cadre du soutien maison et appelle un vétérinaire ou un vétérinaire comportementaliste.,"cluster-chien-anxieux, chien-anxieux-veterinaire, comportementaliste-chien",articles/cluster-13-chien-anxieux/chien-anxieux-quand-consulter.html,PROMPTS-IMAGES_C13_chien-anxieux.md,7,2
13,cluster-chien-anxieux,SAT04,chien-hypersensible,chien-anxieux-comprendre-apaiser,Le chien hypersensible : quand tout est trop,Chien hypersensible : comprendre sa sensibilité | Gus & Frost,"Bruits, mouvements, contacts : certains chiens réagissent à tout, plus fort et plus longtemps. Comprendre l'hypersensibilité de fond, la distinguer d'une peur précise et l'accompagner.",Un chien hypersensible perçoit le monde plus intensément : chaque stimulus le submerge. Voici ce qu'est ce seuil de réactivité élevé et comment adoucir son quotidien.,"cluster-chien-anxieux, chien-hypersensible, chien-sensible-bruit",articles/cluster-13-chien-anxieux/chien-hypersensible.html,PROMPTS-IMAGES_C13_chien-anxieux.md,8,2
13,cluster-chien-anxieux,SAT03,chien-hypervigilant,chien-anxieux-comprendre-apaiser,Le chien hypervigilant : toujours en alerte,Chien hypervigilant : toujours sur ses gardes | Gus & Frost,"Un chien qui surveille tout, sursaute au moindre bruit et ne se pose jamais vraiment : comprendre l'hypervigilance, ce qu'elle révèle de son anxiété et comment l'aider à relâcher.","Certains chiens ne décrochent jamais : oreilles aux aguets, prêts à bondir. Voici ce que cache cette hypervigilance et comment aider un chien toujours en alerte à baisser la garde.","cluster-chien-anxieux, chien-hypervigilant, chien-toujours-en-alerte",articles/cluster-13-chien-anxieux/chien-hypervigilant.html,PROMPTS-IMAGES_C13_chien-anxieux.md,6,2
13,cluster-chien-anxieux,SAT09,erreurs-chien-anxieux,chien-anxieux-comprendre-apaiser,Chien anxieux : les erreurs qui aggravent tout,Chien anxieux : les erreurs à éviter | Gus & Frost,"Rassurer maladroitement, forcer, punir, sur-solliciter : certaines réactions renforcent l'anxiété d'un chien sans qu'on s'en rende compte. Les erreurs fréquentes et quoi faire à la place.","On aggrave souvent l'anxiété d'un chien en croyant bien faire. Voici les erreurs les plus courantes, pourquoi elles renforcent le mal-être, et les réflexes qui aident vraiment.","cluster-chien-anxieux, erreurs-chien-anxieux, aggraver-anxiete-chien",articles/cluster-13-chien-anxieux/erreurs-chien-anxieux.html,PROMPTS-IMAGES_C13_chien-anxieux.md,6,2
13,cluster-chien-anxieux,SAT01,signes-chien-anxieux,chien-anxieux-comprendre-apaiser,Reconnaître un chien anxieux : les signes à repérer,Signes d'un chien anxieux : comment les reconnaître | Gus & Frost,"Halètement, léchage, agitation, retrait : comment reconnaître un chien anxieux de fond au quotidien, distinguer l'anxiété passagère du mal-être durable et savoir réagir avec justesse.","Un chien anxieux ne le montre pas toujours clairement. Voici les signes du corps et du comportement qui trahissent un mal-être de fond, et comment les lire sans se tromper.","cluster-chien-anxieux, signes-chien-anxieux, reconnaitre-anxiete-chien",articles/cluster-13-chien-anxieux/signes-chien-anxieux.html,PROMPTS-IMAGES_C13_chien-anxieux.md,7,2
13,cluster-chien-anxieux,SAT12,suivre-progres-chien-anxieux,chien-anxieux-comprendre-apaiser,Suivre les progrès d'un chien anxieux,Chien anxieux : mesurer et entretenir les progrès | Gus & Frost,"Comment savoir si un chien anxieux va mieux ? Observer, noter et mesurer les petits progrès, ajuster sans se décourager et entretenir les acquis dans la durée.","Les progrès d'un chien anxieux sont lents et discrets. Voici comment les repérer, les noter et les entretenir, pour garder le cap sans se décourager ni brûler les étapes.","cluster-chien-anxieux, progres-chien-anxieux, suivre-anxiete-chien",articles/cluster-13-chien-anxieux/suivre-progres-chien-anxieux.html,PROMPTS-IMAGES_C13_chien-anxieux.md,5,2
